{"RuleTriggered": 0, "Violations": 0, "Details": {"pin_memory": false, "num_workers": 0, "cores": 4, "dataloaders": 1, "dataloading_time": {"p25": 0.484021, "p50": 0.484021, "p95": 0.484021, "probs": [0, 0, 0, 0, 0, 0, 0, 0, 0, 0, 0, 0, 0, 0, 0, 0, 0, 0, 0, 0, 0, 0, 0, 0, 0, 0, 0, 0, 0, 0, 0, 0, 0, 0, 0, 0, 0, 0, 0, 0, 0, 0, 0, 0, 0, 0, 0, 0, 0, 0, 1, 0, 0, 0, 0, 0, 0, 0, 0, 0, 0, 0, 0, 0, 0, 0, 0, 0, 0, 0, 0, 0, 0, 0, 0, 0, 0, 0, 0, 0, 0, 0, 0, 0, 0, 0, 0, 0, 0, 0, 0, 0, 0, 0, 0, 0, 0, 0, 0, 0], "binedges": [-0.01597900000000002, -0.005979000000000021, 0.0040209999999999795, 0.014020999999999978, 0.02402099999999998, 0.03402099999999998, 0.04402099999999998, 0.054020999999999986, 0.06402099999999998, 0.07402099999999998, 0.08402099999999998, 0.09402099999999998, 0.10402099999999997, 0.11402099999999998, 0.12402099999999999, 0.13402099999999997, 0.14402099999999998, 0.154021, 0.16402099999999997, 0.17402099999999998, 0.184021, 0.19402099999999997, 0.20402099999999998, 0.214021, 0.22402099999999997, 0.23402099999999998, 0.244021, 0.254021, 0.264021, 0.27402099999999996, 0.28402099999999997, 0.294021, 0.304021, 0.314021, 0.324021, 0.334021, 0.34402099999999997, 0.354021, 0.364021, 0.374021, 0.384021, 0.394021, 0.40402099999999996, 0.414021, 0.424021, 0.434021, 0.444021, 0.454021, 0.46402099999999996, 0.47402099999999997, 0.484021, 0.494021, 0.504021, 0.5140210000000001, 0.5240210000000001, 0.5340210000000001, 0.5440210000000001, 0.5540210000000001, 0.5640209999999999, 0.5740209999999999, 0.5840209999999999, 0.5940209999999999, 0.6040209999999999, 0.6140209999999999, 0.6240209999999999, 0.634021, 0.644021, 0.654021, 0.664021, 0.674021, 0.684021, 0.694021, 0.704021, 0.714021, 0.724021, 0.734021, 0.744021, 0.754021, 0.7640210000000001, 0.7740210000000001, 0.7840210000000001, 0.7940210000000001, 0.8040210000000001, 0.8140210000000001, 0.8240209999999999, 0.8340209999999999, 0.8440209999999999, 0.8540209999999999, 0.8640209999999999, 0.8740209999999999, 0.884021, 0.894021, 0.904021, 0.914021, 0.924021, 0.934021, 0.944021, 0.954021, 0.964021, 0.974021, 0.984021]}}, "Datapoints": 1, "RuleParameters": "min_threshold:70\nmax_threshold:200"}