{"RuleTriggered": 0, "Violations": 0, "Details": {"pin_memory": false, "num_workers": 0, "cores": 4, "dataloaders": 1, "dataloading_time": {"p25": 0.40689875000000003, "p50": 0.448346, "p95": 3.548104149999994, "probs": [3, 3, 0, 0, 2, 1, 0, 0, 0, 0, 0, 0, 0, 0, 0, 0, 0, 0, 0, 0, 0, 0, 0, 0, 0, 0, 0, 0, 0, 0, 0, 0, 0, 0, 0, 0, 0, 0, 0, 0, 0, 0, 0, 0, 0, 0, 0, 0, 0, 0, 0, 0, 0, 0, 0, 0, 0, 0, 0, 0, 0, 0, 0, 0, 0, 0, 0, 0, 0, 0, 0, 0, 0, 0, 0, 0, 0, 0, 0, 0, 0, 0, 0, 0, 0, 0, 0, 0, 0, 0, 0, 0, 0, 0, 0, 0, 0, 0, 0, 1], "binedges": [0.367103, 0.42240046, 0.47769792, 0.53299538, 0.58829284, 0.6435903000000001, 0.69888776, 0.7541852199999999, 0.8094826799999999, 0.8647801399999999, 0.9200775999999999, 0.97537506, 1.03067252, 1.08596998, 1.1412674399999998, 1.1965648999999998, 1.2518623599999998, 1.3071598199999999, 1.3624572799999999, 1.41775474, 1.4730522, 1.5283496599999997, 1.5836471199999997, 1.6389445799999998, 1.6942420399999998, 1.7495394999999998, 1.8048369599999998, 1.8601344199999998, 1.9154318799999996, 1.9707293399999997, 2.0260268, 2.0813242599999997, 2.13662172, 2.1919191799999997, 2.24721664, 2.3025141, 2.35781156, 2.41310902, 2.46840648, 2.52370394, 2.5790014, 2.63429886, 2.6895963199999997, 2.74489378, 2.8001912399999997, 2.8554887, 2.91078616, 2.96608362, 3.02138108, 3.0766785399999996, 3.131976, 3.1872734599999997, 3.24257092, 3.2978683799999997, 3.35316584, 3.4084632999999998, 3.4637607599999996, 3.51905822, 3.5743556799999996, 3.62965314, 3.6849505999999996, 3.74024806, 3.7955455199999997, 3.85084298, 3.9061404399999997, 3.9614378999999995, 4.016735359999999, 4.0720328199999996, 4.12733028, 4.182627739999999, 4.237925199999999, 4.29322266, 4.34852012, 4.403817579999999, 4.4591150399999995, 4.5144125, 4.56970996, 4.625007419999999, 4.68030488, 4.73560234, 4.7908998, 4.846197259999999, 4.90149472, 4.95679218, 5.012089639999999, 5.0673870999999995, 5.12268456, 5.17798202, 5.233279479999999, 5.28857694, 5.3438744, 5.399171859999999, 5.454469319999999, 5.50976678, 5.56506424, 5.620361699999999, 5.6756591599999995, 5.73095662, 5.786254079999999, 5.841551539999999, 5.896849]}}, "Datapoints": 10, "RuleParameters": "min_threshold:70\nmax_threshold:200"}