{"RuleTriggered": 0, "Violations": 0, "Details": {"step_num": {"first": 1649862878671324, "last": 1649863678705088}, "job_start": 1649862762.592235, "job_end": 1649863679.592664}, "Datapoints": 132, "RuleParameters": "threshold:20"}