{"RuleTriggered": 0, "Violations": 0, "Details": {"ratio": {"cpu_functions": 100.0}, "phase": {"Step:ModeKeys.TRAIN": 87.77013209828017, "others": -5.074438083068642, "Step:ModeKeys.EVAL": 17.304305984788463}, "phase_time": {}, "CPU": {"aten::conv2d": 18.00669960536207, "aten::convolution": 18.004169878623777, "aten::_convolution": 18.002052722942384, "aten::mkldnn_convolution": 17.99716568722092, "aten::batch_norm": 8.443225254364469, "aten::_batch_norm_impl_index": 8.439755067143698, "aten::native_batch_norm": 8.435932767039905, "enumerate(DataLoader)#_SingleProcessDataLoaderIter.__next__": 2.6709990173027656}, "CPU_total": {"aten::conv2d": 32166429, "aten::convolution": 32161910, "aten::_convolution": 32158128, "aten::mkldnn_convolution": 32149398, "aten::batch_norm": 15082631, "aten::_batch_norm_impl_index": 15076432, "aten::native_batch_norm": 15069604, "enumerate(DataLoader)#_SingleProcessDataLoaderIter.__next__": 4771363}, "general": {"DataLoaderIterInitialize": 0.002103381233907832, "DataLoaderIter": 1.1065347414825368, "Forward": 98.89136187728356}}, "Datapoints": 0, "RuleParameters": ""}