{"RuleTriggered": 0, "Violations": 0, "Details": {"ratio": {"cpu_functions": 100.0}, "phase": {"Step:ModeKeys.TRAIN": 72.24855721134426, "others": -2.141842997585517, "Step:ModeKeys.EVAL": 29.893285786241247}, "phase_time": {}, "CPU": {"aten::conv2d": 18.248418096174913, "aten::convolution": 18.24591612914149, "aten::_convolution": 18.24408738215321, "aten::mkldnn_convolution": 18.235099392147614, "aten::batch_norm": 7.624473236714868, "aten::_batch_norm_impl_index": 7.6160931543619705, "aten::native_batch_norm": 7.612455756506156, "enumerate(DataLoader)#_SingleProcessDataLoaderIter.__next__": 4.173456852799784}, "CPU_total": {"aten::conv2d": 3632227, "aten::convolution": 3631729, "aten::_convolution": 3631365, "aten::mkldnn_convolution": 3629576, "aten::batch_norm": 1517601, "aten::_batch_norm_impl_index": 1515933, "aten::native_batch_norm": 1515209, "enumerate(DataLoader)#_SingleProcessDataLoaderIter.__next__": 830699}, "general": {"DataLoaderIterInitialize": 0.0023625806478596344, "DataLoaderIter": 0.1407778712000084, "Forward": 99.85685954815213}}, "Datapoints": 0, "RuleParameters": ""}